{
	"credit": "Made with Blockbench",
	"texture_size": [55, 55],
	"textures": {
		"0": "otto:item/ammo_box"
	},
	"elements": [
		{
			"name": "ammo",
			"from": [1.3, 0, -1.225],
			"to": [11.3, 4, 12.775],
			"rotation": {"angle": 22.5, "axis": "y", "origin": [3.3, 3, -0.225]},
			"faces": {
				"north": {"uv": [4.07273, 4.07273, 6.98182, 5.23636], "texture": "#0"},
				"east": {"uv": [0, 4.07273, 4.07273, 5.23636], "texture": "#0"},
				"south": {"uv": [11.05455, 4.07273, 13.96364, 5.23636], "texture": "#0"},
				"west": {"uv": [6.98182, 4.07273, 11.05455, 5.23636], "texture": "#0"},
				"up": {"uv": [6.98182, 4.07273, 4.07273, 0], "texture": "#0"},
				"down": {"uv": [9.89091, 0, 6.98182, 4.07273], "texture": "#0"}
			}
		},
		{
			"name": "ammo",
			"from": [1.55, 0, 12.775],
			"to": [11.05, 3.25, 17.775],
			"rotation": {"angle": 22.5, "axis": "y", "origin": [3.3, 3, -0.225]},
			"faces": {
				"north": {"uv": [1.45455, 6.69091, 4.07273, 7.56364], "texture": "#0"},
				"east": {"uv": [0, 6.69091, 1.45455, 7.56364], "texture": "#0"},
				"south": {"uv": [5.52727, 6.69091, 8.14545, 7.56364], "texture": "#0"},
				"west": {"uv": [4.07273, 6.69091, 5.52727, 7.56364], "texture": "#0"},
				"up": {"uv": [4.07273, 6.69091, 1.45455, 5.23636], "texture": "#0"},
				"down": {"uv": [6.69091, 5.23636, 4.07273, 6.69091], "texture": "#0"}
			}
		}
	],
	"display": {
		"thirdperson_righthand": {
			"rotation": [76, 162, 26],
			"translation": [0.25, 2, 2],
			"scale": [0.2, 0.2, 0.2]
		},
		"thirdperson_lefthand": {
			"rotation": [76, 162, 26],
			"translation": [0.25, 2, 2],
			"scale": [0.2, 0.2, 0.2]
		},
		"firstperson_righthand": {
			"rotation": [30, 180, 1],
			"translation": [8.25, 3.75, -8.5]
		},
		"firstperson_lefthand": {
			"rotation": [-172.76, -13.5, 156.25],
			"translation": [7.25, 3.75, -8.5]
		},
		"ground": {
			"scale": [0.4, 0.4, 0.4]
		},
		"gui": {
			"rotation": [45, -160, 0],
			"translation": [0.5, 4.25, 0],
			"scale": [0.75, 0.75, 0.75]
		},
		"fixed": {
			"rotation": [90, 160, 180],
			"translation": [0, 2, -5],
			"scale": [0.75, 0.75, 0.75]
		}
	},
	"groups": [
		{
			"name": "ammo",
			"origin": [7, 6.75, -3.5],
			"color": 0,
			"children": [0, 1]
		}
	]
}